date,ph,turbidity,solids,chromium,conductivity,hardness,potability
1/1/2018,9.445129838,3.875165247,13168.52916,0.83,592.659021,145.8054024,1
1/3/2018,9.024845037,3.985250506,19859.67648,0.68,451.143481,128.0966912,1
1/6/2018,,2.747312999,23403.6373,0.53,475.5735624,169.974849,1
1/9/2018,6.80011909,3.8549399,39143.40333,0.03,376.4565931,242.0080815,1
1/10/2018,7.174135163,3.939895657,20401.10246,0.69,315.5499,203.4089346,1
1/12/2018,7.657991237,2.437296288,14245.78912,0.43,416.6241889,236.9608892,1
1/16/2018,8.322986672,4.052135728,28049.64628,0.62,358.7258688,207.2524622,1
1/20/2018,5.934279093,5.217895024,23249.65383,0.1,277.3845373,223.8581252,1
1/23/2018,9.802720782,2.764633881,27357.45674,0.77,512.4287308,98.77164353,1
1/26/2018,6.101955231,3.53559633,15976.92623,0.49,417.8435527,215.2680896,1
1/29/2018,4.997770601,3.404632906,26849.19474,0.15,297.61154,280.0824107,1
1/31/2018,4.815766791,4.375223811,16392.13507,0.76,481.4808283,217.6870932,1
2/1/2018,6.548020558,3.611860372,25508.38695,0.42,497.3217528,278.5851052,1
2/3/2018,13.17540172,4.10692449,19237.94968,0.51,500.2459518,47.432,1
2/6/2018,6.618010906,4.437695749,19598.86074,0.54,401.6697906,233.6616359,1
2/9/2018,7.788054733,3.368757217,29879.06015,0.77,359.5690815,212.6914573,1
2/12/2018,5.191834327,3.859800939,14866.10386,0.47,388.7165795,211.0941848,1
2/15/2018,5.626339528,1.943318777,14442.41888,0.88,346.5532064,230.8579828,1
2/17/2018,6.869638941,4.726702454,21728.8213,0.68,539.4668769,251.2934475,1
2/20/2018,9.058628424,3.65213447,15737.46894,0.41,463.389256,155.3575571,1
2/22/2018,7.291888325,5.328712788,27784.04848,0.2,439.6493286,127.5442971,1
2/24/2018,7.275908774,5.062297798,22644.76635,0.65,373.3456926,175.2203765,1
2/26/2018,6.512737124,4.612963629,22475.04687,0.12,479.5012786,229.263861,1
2/28/2018,7.207886781,3.762741072,35804.29261,0.61,468.5628288,175.8702941,1
3/1/2018,,3.772919265,16146.15711,0.13,629.2812475,156.5206348,1
3/3/2018,5.324941856,4.427137926,35344.65805,0.73,392.4214958,280.0896549,1
3/6/2018,7.082300649,3.485577388,29846.71906,0.25,353.0303803,169.4689273,1
3/9/2018,5.33418358,5.091357101,28897.49153,0.73,360.1791773,224.7879362,1
3/9/2018,10.7618978,4.661798516,25999.95367,0.62,392.7040818,81.71089527,1
3/12/2018,6.286806948,4.104863275,13777.37619,0.72,563.4347751,258.3000516,1
3/16/2018,9.794558699,2.945418738,20682.73174,1,427.1239484,129.8709584,0
3/20/2018,8.210443565,4.97605516,13933.08536,0.9,391.0688736,167.1021915,1
3/23/2018,6.941719438,4.563183171,20111.82126,0.87,374.4853324,173.3343894,1
3/26/2018,10.35611883,4.201849441,48621.56395,1,365.7202915,136.3237517,0
3/29/2018,7.958984292,4.698007916,23625.81389,0.78,327.623881,171.4836247,1
3/31/2018,3.882631081,3.734001387,7751.809491,0.52,341.2911163,243.8079497,1
4/1/2018,5.671773833,3.833159746,15949.15318,0.17,372.5352428,216.0428111,1
4/3/2018,10.00330054,4.746381859,46113.95749,0.74,574.5550413,143.0942854,1
4/6/2018,6.552847474,4.687986155,34006.42073,0.68,477.1639068,198.8069397,1
4/9/2018,7.628552723,4.182057148,26244.03691,0.32,495.9669861,156.7936942,1
4/9/2018,4.79084054,3.258858945,17862.369,0.76,608.8468563,268.7208812,1
4/12/2018,7.710959939,4.28894682,6552.626314,0.61,516.2840829,181.9381256,1
4/16/2018,8.291299006,3.424701921,20008.13496,0.87,475.9091299,211.2170343,1
4/20/2018,6.193170101,3.466645288,12883.7265,0.26,389.4059776,225.6834218,1
4/23/2018,9.032660579,4.927218272,15618.17025,0.9,390.6572261,121.4414415,1
4/26/2018,6.139493741,3.260906853,8081.466471,0.36,416.2388206,236.6740259,1
4/29/2018,7.12942473,3.418610803,25840.57889,0.84,323.2989152,178.3723523,1
4/30/2018,,4.109590274,21948.32536,0.68,509.4068215,191.2852176,1
5/1/2018,5.418503763,4.506539591,35902.71568,0.11,454.5202956,187.7768087,1
5/3/2018,8.075494508,3.682919645,29483.60185,0.88,321.7483389,195.8049958,1
5/6/2018,,4.081701398,22511.69262,0.85,291.3537014,225.287704,1
5/9/2018,10.04967372,5.133477823,11557.03204,1,442.7680497,132.8328367,0
5/9/2018,5.667650647,3.633213756,16953.89874,0.09,554.1205362,229.9283665,1
5/12/2018,,3.807920062,27776.18026,1,417.6312019,181.6891637,0
5/16/2018,8.923980608,4.15558319,27919.77067,1,415.6294838,135.9384675,0
5/20/2018,6.428866313,4.184783372,15596.47333,0.35,466.0443992,225.6130938,1
5/23/2018,6.960603502,4.978820188,11348.676,0.47,468.5913885,201.7154525,1
5/26/2018,5.873675846,5.412090885,19216.68309,1,420.2912301,203.3299282,0
5/29/2018,6.79546901,5.163088154,15300.83867,0.05,498.665928,187.7830201,1
5/30/2018,10.04102797,3.807562606,16266.43445,1,557.4860613,113.8311122,0
6/1/2018,,4.124780678,44506.44156,0.82,485.6472319,273.2556208,1
6/3/2018,7.296037734,4.168526118,36043.70664,0.04,385.6143207,235.7351929,1
6/6/2018,,3.497577391,29299.12335,0.32,375.7807164,161.8264761,1
6/9/2018,5.862641233,5.50742094,44069.27216,0.49,331.5701387,185.0652199,1
6/9/2018,7.292141805,4.466912564,33991.65157,0.81,435.1080173,174.480427,1
6/12/2018,8.062805643,4.471842,11567.88784,0.51,510.4144025,200.493112,1
6/16/2018,7.82197094,3.532958335,23318.18798,0.83,294.6365314,157.1815455,1
6/20/2018,11.301794,3.309580397,39227.61946,1,410.8561139,77.4595861,0
6/23/2018,6.593764313,2.346578095,25589.61059,0.51,489.7034439,233.5141325,1
6/26/2018,9.161088613,4.888061137,26618.05964,0.83,379.7251816,119.8419046,1
6/29/2018,,5.922581692,14507.01781,1,290.8894718,144.815264,0
6/30/2018,4.642953052,3.982867293,16115.92986,0.04,439.9444081,307.7060241,1
7/1/2018,7.798453676,4.107267203,32704.56929,0.64,507.1786883,188.3949423,1
7/3/2018,5.564342491,2.285987849,11245.73577,0.53,369.5555133,256.20883,1
7/6/2018,7.886591227,4.589983508,38852.02964,0.23,326.1153502,213.0525907,1
7/9/2018,7.443189014,2.664832796,13551.95334,1,430.4872957,193.1247989,0
7/9/2018,3.657123133,3.31462973,23736.81626,0.47,426.2311291,275.7671418,1
7/12/2018,9.597191857,5.145152871,21153.32283,0.45,335.1976082,167.088976,1
7/16/2018,6.964225943,3.990437572,29957.19122,0.02,378.0855456,212.7644944,1
7/20/2018,7.672909523,4.268227482,22989.35118,0.89,401.1408786,152.8783051,1
7/23/2018,6.737004072,4.063170289,24694.74421,0.36,384.308673,220.1001024,1
7/26/2018,,4.135745329,18570.28534,0.89,463.7417162,163.2244663,1
7/29/2018,5.382489039,4.173330283,18189.39498,0.71,551.4762022,240.0182139,1
7/30/2018,7.022952113,4.971907099,15978.35525,0.26,412.7094234,264.5256065,1
8/1/2018,,2.969136099,27355.93431,0.03,559.8178471,250.7053939,1
8/3/2018,10.02622381,3.736228471,25510.0973,0.41,388.467266,94.09130748,1
8/6/2018,5.583832998,3.870156921,35278.68174,0.6,278.6390387,261.2338253,1
8/9/2018,7.952929116,5.260014766,18621.42492,0.03,309.2546197,221.3698538,1
8/9/2018,5.500186641,4.178478951,21082.85204,0.74,469.795375,254.672705,1
8/12/2018,7.543700466,3.630536578,19116.01208,0.29,440.2834456,161.6231416,1
8/16/2018,6.848331559,4.396604556,12837.50606,0.71,558.8155667,159.1880501,1
8/20/2018,,3.779554492,30280.78859,0.01,487.9972616,181.2105099,1
8/23/2018,5.910251729,3.660922908,15244.84639,0.77,695.369528,282.739017,1
8/26/2018,8.716820334,3.205128767,11734.44886,0.31,447.0280768,153.9800345,1
8/29/2018,6.016889136,4.422269233,16656.06267,0.68,383.2077748,221.1473078,1
8/30/2018,9.567822726,4.197919055,38787.46271,0.22,492.4115244,173.1114983,1
9/1/2018,4.296247024,4.163328982,19672.48721,0.65,330.067379,278.1475241,1
9/3/2018,3.551579177,3.96599397,38969.38899,0.18,514.7629185,323.124,1
9/6/2018,8.529669348,3.776040837,18203.73003,1,498.6508327,157.7004811,0
9/9/2018,8.065339036,3.756391707,21366.2836,0.02,497.0192345,174.1205843,1
9/9/2018,9.158445163,4.525236731,15797.0304,0.52,425.7520176,186.672973,1
9/12/2018,8.848586283,4.014681858,32033.33202,0.02,479.7919747,188.9199829,1
9/16/2018,9.495456382,4.168541279,18088.35485,1,409.4509977,185.8785944,0
9/20/2018,8.052893916,3.634844542,9025.07936,0.89,328.4331103,198.9944743,1
9/23/2018,2.798549099,3.663252222,26931.24348,0.41,521.1405236,311.3839565,1
9/26/2018,6.425873866,3.731936503,11965.39651,0.85,502.9910878,188.9802815,1
9/29/2018,7.757269666,4.165432286,25259.78055,0.52,543.5287986,213.0484451,1
9/30/2018,7.748654706,2.511810493,29331.23663,0.33,441.5295473,239.7882778,1
10/1/2018,5.117390303,3.937188442,30914.11158,0.38,356.8622871,225.6574044,1
10/3/2018,7.481535362,4.262065437,12088.41645,0.23,518.3755726,218.2611698,1
10/6/2018,5.374222585,3.642778438,19410.23376,0.51,350.1780398,201.3314401,1
10/9/2018,7.063646976,3.39586624,17941.81126,0.15,402.593602,140.6128657,1
10/9/2018,6.876451043,4.545340927,21979.03167,0.79,349.1860855,190.8445136,1
10/12/2018,4.812433652,3.0209959,11465.57564,0.19,607.0265423,250.1839535,1
10/16/2018,4.993530734,3.153809337,13900.77927,0.17,429.8278189,242.6205031,1
10/20/2018,4.788861062,2.896852186,28174.62052,0.69,444.8543208,234.8937026,1
10/23/2018,4.037287739,3.04504857,52318.9173,0.02,401.204271,291.4618974,1
10/26/2018,6.505872509,4.497528597,29534.69029,0.33,265.2511986,240.2879117,1
10/29/2018,6.779773967,2.729104523,24415.07056,0.85,459.8765496,153.8863093,1
10/30/2018,6.952511674,4.105495485,33737.28852,0.61,395.4070038,211.6972974,1
11/1/2018,5.628406919,5.050683115,28334.49194,0.72,351.1612132,226.8300426,1
11/3/2018,5.966000489,4.177139266,17350.05853,0.84,406.8063023,194.796221,1
11/6/2018,6.319431545,2.653126688,36278.71831,0.81,307.6913606,180.9656209,1
11/9/2018,8.02724787,3.480640837,7714.746969,0.46,440.938978,193.3524164,1
11/9/2018,8.882684452,3.827920867,4857.253807,0.15,532.3366593,135.5230624,1
11/12/2018,5.991283475,4.840562301,29983.11601,0.11,604.6312629,224.6085628,1
11/16/2018,10.27244427,3.179884727,18894.85239,0.69,446.4507253,163.6246234,1
11/20/2018,,4.728123985,21626.49759,0.47,390.955033,131.5477443,1
11/23/2018,6.105140135,3.103089844,45249.44903,0.09,314.9650897,249.141391,1
11/26/2018,9.443358884,3.486646409,20438.22469,0.25,458.6772315,73.49223369,1
11/29/2018,6.887414371,4.564188355,29189.13672,0.42,386.6228625,223.603058,1
12/1/2018,6.512900833,4.404040365,25151.41157,0.52,296.074382,169.2174798,1
12/3/2018,5.772718095,6.494249467,26124.93141,0.32,465.5592858,213.3635446,1
12/6/2018,4.912557262,4.897372508,44063.09842,0.84,327.4756504,308.2538329,1
12/9/2018,9.739561949,2.568079877,13623.16006,0.1,369.5912891,166.948864,1
12/9/2018,5.541979019,3.672975983,20143.06526,1,517.9357855,185.6718736,0
12/12/2018,,3.601735481,42268.3343,0.7,384.6848754,193.5034148,1
12/16/2018,,3.451740047,16263.16747,0.3,503.6640851,143.3002003,1
12/20/2018,6.448931033,3.622195522,13979.16572,0.33,473.7513016,240.244771,1
12/23/2018,5.477912295,3.774256121,27361.65907,0.29,358.04413,211.3988439,1
12/26/2018,8.544708662,2.31815248,31429.37903,0.24,393.8896156,181.4134021,1
12/29/2018,7.378597016,3.215219463,9460.322635,0.7,402.0199449,175.9824471,1
12/30/2018,6.66400305,2.227727884,15902.94528,0.46,347.353336,199.5887185,1
1/1/2019,6.775582812,4.333636278,17968.88278,0.47,358.7176769,218.4149289,1
1/3/2019,8.736371211,3.802116117,24283.65879,0.04,333.6237939,194.6776872,1
1/6/2019,7.146976296,4.025762216,16911.20377,0.16,520.1113582,196.5626846,1
1/9/2019,,5.652222113,9654.733681,0.63,588.5667127,242.9094363,1
1/9/2019,5.040331692,3.603325615,25653.69023,0.82,529.0525353,232.2344791,1
1/12/2019,,4.003819012,21707.49226,0.47,347.9574985,281.5821623,1
1/16/2019,7.745499128,4.043334781,14336.62752,0.03,421.4853341,168.3556238,1
1/20/2019,6.259651603,4.213405262,37356.7464,1,380.2401927,208.3794303,0
1/23/2019,8.59639118,3.519884366,14518.9745,0.39,348.0414889,189.5231608,1
1/26/2019,5.767349597,3.896090487,15417.93283,0.03,424.461152,272.4721781,1
1/29/2019,7.088940642,5.661104287,13839.71343,0.34,369.9693333,206.3641219,1
1/30/2019,8.029181613,4.388551012,19663.46943,0.08,431.3047161,158.0403984,1
2/1/2019,,4.120931424,46931.88429,0.45,557.4218785,286.2017633,1
2/3/2019,4.725785565,3.15633142,20834.29428,0.2,411.1144853,249.6709994,1
2/6/2019,8.19576536,3.218709224,10389.54254,0.45,403.189913,214.5176104,1
2/9/2019,6.443753668,4.498684931,25740.41259,0.8,352.3536228,196.6159916,1
2/12/2019,7.039094321,4.366031351,28827.36019,0.34,593.3962245,179.6452245,1
2/15/2019,,2.963135381,20791.31898,,564.3086542,204.8904555,0
2/17/2019,3.716080075,4.500656275,18630.05786,,592.8853591,129.4229205,0
2/20/2019,8.099124189,3.05593375,19909.54173,1,418.6062131,224.2362594,0
2/22/2019,8.316765884,4.628770537,22018.41744,1,363.2665162,214.3733941,0
2/24/2019,9.092223456,4.075075425,17978.98634,1,398.4108134,181.1015092,0
2/26/2019,5.584086638,2.559708228,28748.68774,1,280.4679159,188.3133238,0
2/28/2019,10.22386216,2.672988737,28749.71654,1,283.6516335,248.0717353,0
3/1/2019,8.635848719,4.401424715,13672.09176,1,474.6076449,203.3615226,0
3/3/2019,,3.595017181,14285.58385,1,389.3755659,118.9885791,0
3/6/2019,11.18028447,4.370561937,25484.50849,1,563.8854815,227.2314692,0
3/9/2019,7.360640106,3.662291783,32452.61441,1,425.3834195,165.5207973,0
3/9/2019,7.974521649,4.011718108,18767.65668,1,364.0982305,218.6933005,0
3/12/2019,7.119824384,3.445756223,18730.81365,1,347.7150273,156.7049933,0
3/16/2019,,4.413974183,27331.36196,1,379.7618348,150.1749234,0
3/20/2019,7.496232208,4.777382337,28388.00489,1,444.6453523,205.3449822,0
3/23/2019,6.347271761,4.376348291,41065.23476,1,516.7432819,186.7328807,0
3/26/2019,7.0517858,4.268428858,30980.60079,1,315.1412672,211.0494061,0
3/29/2019,9.181560007,4.503660796,24041.32628,1,477.9746419,273.8138067,0
3/31/2019,8.975464348,2.43608559,19460.39813,1,431.44399,279.3571668,0
4/1/2019,7.371050302,2.560299148,25630.32004,1,469.9145515,214.4966105,0
4/3/2019,,4.133422644,22305.56741,1,554.8200865,227.4350484,0
4/6/2019,6.660212026,3.749701241,30944.36359,1,523.6712975,168.2837469,0
4/9/2019,,5.459250956,17107.22423,1,436.256194,215.9778587,0
4/9/2019,3.902475686,4.528522696,21167.5001,1,444.4788825,196.9032467,0
4/12/2019,5.400301781,4.82478639,17266.59342,1,472.8740733,140.7390623,0
4/16/2019,6.514415093,5.200885077,21218.70287,1,413.2904501,198.7673513,0
4/20/2019,3.445061864,4.184396969,33424.76868,1,441.7858757,207.9262602,0
4/23/2019,,4.004871128,13224.93564,1,298.9906665,145.7681806,0
4/26/2019,,3.991564248,26362.96501,1,364.4801067,266.4210181,0
4/29/2019,,6.038184953,15193.41347,1,563.8047433,148.1530614,0
4/30/2019,7.181448581,5.088859989,15196.22999,1,342.1112863,209.6256005,0
5/1/2019,9.825489908,2.857472426,19677.89247,1,452.8362349,190.7566183,0
5/3/2019,10.43329098,5.057310517,22326.89205,1,412.9868338,117.7912296,0
5/6/2019,7.414148196,3.160624468,32555.85254,1,411.9833642,235.0445345,0
5/9/2019,,5.029166724,14787.20626,1,383.981723,232.280452,0
5/9/2019,5.115817064,3.902088768,19620.54533,1,441.7483793,191.952743,0
5/12/2019,3.641629777,3.464353035,24752.07246,1,456.8600959,183.9087223,0
5/16/2019,5.618064406,2.896546941,17281.97517,1,399.4715663,304.2359121,0
5/20/2019,,2.907563915,19942.27322,1,427.1306715,143.4537313,0
5/23/2019,9.267187531,4.324004646,24683.72357,1,396.8769491,198.6143947,0
5/26/2019,,3.510004045,11703.92391,1,349.3996325,233.8589957,0
5/29/2019,5.331940479,4.434820258,16658.8765,1,335.1203984,194.8740654,0
5/30/2019,7.145771545,5.182590704,28780.34043,1,332.0327063,238.6899285,0
6/1/2019,9.920691059,4.69070723,9973.934059,1,333.1924699,202.817483,0
6/3/2019,4.758439425,4.542801462,21568.42878,1,403.9441682,183.3494541,0
6/6/2019,5.702925977,4.137739016,35606.44018,1,504.6382604,216.8504739,0
6/9/2019,6.953864226,3.195710328,10575.18628,1,391.1843151,209.638293,0
6/9/2019,10.68296643,3.999775382,15758.74062,1,323.8079132,173.3754984,0
6/12/2019,,4.405586,34415.85315,1,470.3291685,129.8905723,0
6/16/2019,8.757257397,3.626135442,21536.22469,1,404.7177992,200.1914004,0
6/20/2019,,3.048057223,27492.30731,1,383.79502,168.3884308,0
6/23/2019,7.809631898,2.447444464,12013.55063,1,605.2201244,100.4576151,0
6/26/2019,6.652488091,3.742090426,19871.78845,1,545.9749938,145.0101719,0
6/29/2019,9.147197055,3.794531591,11920.61084,1,527.70891,211.7141418,0
6/30/2019,10.56074464,3.96468635,21783.65103,1,456.5564021,181.8933656,0
7/1/2019,7.484254838,4.781188177,30616.61515,1,404.6707773,260.0921726,0
7/3/2019,8.520806573,3.94060453,28779.65001,1,481.3188027,238.3351125,0
7/6/2019,4.999413811,4.460683932,24323.8659,1,405.330482,190.2870501,0
7/9/2019,,4.405385706,16963.62501,1,360.9959945,157.8011936,0
7/9/2019,,4.08990769,20557.24043,1,290.1809831,155.0557268,0
7/12/2019,3.906078355,3.902879712,32144.79993,1,269.4490512,233.402835,0
7/16/2019,6.391353624,3.923749169,20965.47831,1,369.3381209,213.0178297,0
7/20/2019,,3.855602212,35729.69271,1,296.3975472,229.4856937,0
7/23/2019,8.692092013,4.477960248,24656.23968,1,398.345418,195.1437388,0
7/26/2019,8.085759801,4.068688909,32653.91036,1,416.2396301,127.7396738,0
7/29/2019,6.203977702,5.215689206,21815.07415,1,362.1080043,212.3066183,0
7/30/2019,5.058108869,5.106655774,34873.93452,1,669.7250862,238.5693804,0
8/1/2019,,4.620793452,27420.16742,1,485.9745005,103.4647587,0
8/3/2019,,3.439740042,12830.48413,1,333.329848,211.200526,0
8/6/2019,7.261550522,3.636364183,24964.7777,1,501.1827807,179.8897882,0
8/9/2019,7.160467231,3.884891044,6743.346066,1,428.0363444,183.08931,0
8/9/2019,5.704764776,4.157533407,33223.58153,1,504.378681,116.2993299,0
8/12/2019,6.217273135,5.325833446,19460.38282,1,556.65371,130.9444639,0
8/16/2019,8.67993497,3.873470298,22984.05095,1,352.9425881,242.2286673,0
8/20/2019,,4.655916599,14859.46642,1,425.2135748,219.3009142,0
8/23/2019,6.897322141,5.02278363,25650.77764,1,383.0143102,211.3601667,0
8/26/2019,3.514545529,3.762615331,23029.66361,1,307.379142,158.7320758,0
8/29/2019,3.722500486,3.662837732,37962.16799,1,467.5629729,163.6397469,0
8/30/2019,6.455004797,2.293431406,24468.04839,1,477.5813462,176.6839728,0
9/1/2019,11.31680475,3.50837265,31903.39981,,425.9134002,217.522862,0
9/3/2019,12.84453837,5.013463351,28689.59578,,410.3872638,233.7643427,0
9/6/2019,52.51912566,3.75899586,12531.60192,,443.5703721,168.728583,0
9/9/2019,11.40898547,3.772420928,9566.12227,,504.1459941,204.9617498,0
9/9/2019,11.97676962,2.994671096,27267.98186,,514.1189201,258.952732,0
9/12/2019,6.395359132,4.191217515,23827.27502,1,573.4002951,133.8342291,0
9/16/2019,6.20964226,3.612519615,13116.70771,1,417.241656,195.4177209,0
9/20/2019,6.762832522,4.916579161,27159.38435,1,465.4137746,232.0751766,0
9/23/2019,9.918717064,3.385508444,21470.27831,1,430.5077069,199.1812511,0
9/26/2019,10.15544017,5.00246726,12652.36298,1,487.459131,300.2924758,0
9/29/2019,8.721726711,2.555026904,28608.05208,1,506.9383527,206.3696824,0
9/30/2019,,4.383921814,17153.30616,1,575.1146944,197.9797828,0
10/1/2019,,3.355164642,29721.91163,1,420.7095912,199.1078856,0
10/3/2019,6.099646705,3.172789769,20416.841,1,291.1048366,237.9199268,0
10/6/2019,9.02678772,2.019042018,27965.07215,1,588.3196505,253.2170742,0
10/9/2019,6.953371603,3.651865808,11609.10905,1,551.1433372,203.1465468,0
10/9/2019,6.140877557,5.359460295,26687.87448,1,548.0727613,197.8760897,0
10/12/2019,7.077874007,4.764508265,23873.37821,1,333.0507859,220.6705396,0
10/16/2019,5.488314309,5.066786272,21485.1532,1,441.3311375,135.8023617,0
10/20/2019,7.205559175,3.710053126,24627.86756,1,418.4332899,120.3276153,0
10/23/2019,9.177869866,3.108769988,20868.33122,1,426.9943932,163.2748283,0
10/26/2019,4.270716195,3.763905903,24405.25053,1,349.5189104,166.8377085,0
10/29/2019,7.348844512,4.880875156,11519.04653,1,494.1584341,223.2649397,0
10/30/2019,8.52616987,5.083014142,11837.12336,1,474.2404823,175.6128363,0
11/1/2019,,3.995973787,36152.8209,1,590.7487872,169.0419175,0
11/3/2019,2.612035915,4.76520537,34798.25259,1,468.0802666,188.8041257,0
11/6/2019,8.490571562,3.875556805,22989.79639,1,435.0008983,204.1236484,0
11/9/2019,,3.398592587,22539.71161,1,463.3988471,213.5419323,0
11/9/2019,8.858401531,5.525726338,9624.300462,1,344.3033625,254.6175187,0
11/12/2019,6.098156521,3.977362364,27776.90105,1,245.859632,189.995846,0
11/16/2019,8.419970682,3.962478314,13237.9896,1,463.6472774,185.7189888,0
11/20/2019,9.286155021,5.23998187,12311.26837,1,353.7401,222.6615514,0
11/23/2019,7.875895135,4.238589203,12710.24945,1,445.3741474,226.2847878,0
11/26/2019,7.725332908,3.724836704,36477.73811,1,339.4113267,252.2654912,0
11/29/2019,3.388090611,2.798600948,20230.12558,1,353.9129274,212.0289445,0
11/30/2019,6.745306715,3.90235259,21871.8387,1,373.0501016,218.424637,0
12/1/2019,,5.629015636,28062.64189,1,263.7719135,190.4238985,0
12/3/2019,7.183825723,4.597165512,14100.96899,1,290.4238384,261.8507998,0
12/6/2019,10.1119767,3.425763242,15331.30269,1,403.0418101,240.4321002,0
12/9/2019,7.397413299,3.14915751,8855.114121,1,489.8516004,122.5410399,0
12/9/2019,7.812804388,6.204846359,42550.84182,1,442.5457745,196.583886,0
12/12/2019,6.877456933,3.827650072,27433.58729,1,342.1963466,136.8792139,0
12/16/2019,,4.664350321,16367.45837,1,468.9450148,146.9702452,0
12/20/2019,,4.197595209,27418.78104,1,274.6605966,230.8094825,0
12/23/2019,7.521051679,2.880785347,26865.37374,1,505.7093717,267.0596474,0
12/26/2019,8.550875469,3.772886607,28918.41995,1,432.28527,231.2487868,0
12/29/2019,10.30847766,3.285077052,27653.23518,1,382.9515048,217.2197464,0
12/30/2019,,5.052736766,29368.67418,1,465.2166206,252.670469,0
1/1/2020,7.371085073,4.412589537,24913.83717,1,363.1685384,207.7168244,0
1/3/2020,11.18069466,3.809841654,16600.39275,1,504.0505391,228.3008604,0
1/6/2020,6.506487767,3.548775589,17087.0769,1,481.7719343,202.2859379,0
1/9/2020,6.643935775,3.812952926,10909.19459,1,437.9090052,151.8896001,0
1/9/2020,5.03377399,3.244948477,34971.80748,1,500.6373262,155.3214775,0
1/12/2020,6.912607562,2.612248953,17973.17886,1,439.6480512,155.7404952,0
1/16/2020,7.977635991,3.5521295,32170.06916,1,473.6624528,245.8951304,0
1/20/2020,6.078335837,4.201580906,35957.79218,1,360.0604774,197.5019119,0
1/23/2020,6.242414484,4.508705098,28149.41179,1,448.2425267,191.9087295,0
1/26/2020,6.06335479,3.467336915,14775.1456,1,327.2702387,160.7673113,0
1/29/2020,8.129585514,3.362537135,27834.2177,1,397.0214276,177.8989666,0
1/30/2020,9.562405944,3.762719837,13041.82914,1,433.3816667,202.0136426,0
2/1/2020,8.167792632,4.289395484,27141.3629,1,525.5987875,200.9137547,0
2/3/2020,8.594416135,3.568991708,15791.67535,1,672.5569992,270.0227059,0
2/6/2020,,3.679795035,20944.62081,1,566.339294,167.3861273,0
2/9/2020,6.825467901,3.027449578,46140.12685,1,373.4272355,187.0517097,0
2/12/2020,7.861177701,4.157656628,25145.02412,1,469.4869612,204.2742411,0
2/15/2020,4.96577356,3.421766849,21802.7449,1,386.4133315,220.8486386,0
2/17/2020,6.207432968,3.549298841,13442.60347,1,533.7958508,192.9370271,0
2/20/2020,,4.417559791,20067.10533,1,490.9097122,157.0012874,0
2/22/2020,9.769251006,4.636556195,8471.677381,1,353.1964755,264.2656543,0
2/24/2020,9.63066548,4.920091158,23641.70257,1,417.1670729,152.8624335,0
2/26/2020,5.187471605,3.203257896,20060.07873,1,368.8154286,104.752425,0
2/28/2020,7.633570088,2.927066767,16312.15497,1,420.5341718,199.6529996,0
3/1/2020,5.77119905,4.688959065,24909.44401,1,313.7019343,155.0508931,0
3/3/2020,6.579969329,4.575931872,17657.08418,1,254.3932756,197.2269809,0
3/6/2020,4.801154368,4.418638132,13556.7344,1,587.3950117,180.7728708,0
3/9/2020,7.948815718,3.692250861,19129.45837,1,434.6554586,238.2364097,0
3/9/2020,6.906992172,2.124759352,19991.23915,1,356.4591369,216.7852908,0
3/12/2020,,4.444350199,22452.09081,1,395.3417753,281.268667,0
3/16/2020,,3.463172548,12224.31051,1,399.2713589,190.7794599,0
3/20/2020,8.461330874,3.771944146,34406.77645,1,477.3433686,212.5813664,0
3/23/2020,7.726134808,3.720636904,21667.86874,1,472.2589937,233.9478637,0
3/26/2020,,3.777737414,19549.49934,1,438.8657751,247.6615733,0
3/29/2020,8.927078148,4.601860959,22821.25438,1,380.1972,241.875105,0
3/30/2020,6.20801554,4.334615732,17358.79637,1,481.1956735,153.2211063,0
4/1/2020,6.128425635,4.633823862,9615.83271,1,415.0087369,141.4924095,0
4/3/2020,,2.678910713,11981.74019,1,416.5889058,202.2548328,0
4/6/2020,7.308048848,3.696119712,14600.53952,1,415.6072778,274.7049505,0
4/9/2020,,4.353238589,39906.19027,1,515.386742,170.0992357,0
4/9/2020,8.640886409,5.263101572,26473.71324,1,309.9832868,201.5687241,0
4/12/2020,,4.102529482,20406.92767,1,482.3300548,205.5094572,0
4/16/2020,8.153210075,2.905788134,10280.9295,1,487.9083272,127.1448918,0
4/20/2020,8.29372011,3.954715283,35216.38597,1,399.4836212,206.1604149,0
4/23/2020,12.987,3.310858508,21136.28676,1,332.7375865,233.850345,0
4/26/2020,,3.706601792,26009.07526,1,344.7679244,237.6773831,0
4/29/2020,9.489972878,4.219967522,15513.74038,1,277.9700697,234.0699652,0
4/30/2020,7.830976343,4.588784657,7695.063935,1,507.4454883,190.7990441,0
5/1/2020,4.430281212,4.384565156,28862.25717,1,434.7812671,139.6857588,0
5/3/2020,7.240739639,3.556297467,23783.09956,1,579.2203941,201.1868045,0
5/6/2020,,3.665521764,19517.7248,1,251.0208987,260.2053596,0
5/9/2020,6.867301322,3.82359504,24112.15347,1,484.1229389,174.1849764,0
5/12/2020,6.129637015,4.615886181,30989.94841,1,341.3885767,200.2781822,0
5/16/2020,7.917049443,3.659484625,27192.28056,1,358.7817362,278.056321,0
5/20/2020,6.511618075,4.850433708,29136.81462,1,475.3413507,181.8734217,0
5/23/2020,5.323815584,2.880721846,37625.75268,1,580.8977004,232.36858,0
5/26/2020,6.769572869,5.22054027,11067.18115,1,289.5424601,168.9370725,0
5/29/2020,5.87797404,4.032259504,13652.2932,1,538.4954044,141.6152867,0
5/30/2020,9.534021716,2.768238928,9472.61492,1,259.6368031,201.955208,0
5/31/2020,6.340027628,3.686001324,45222.50667,1,435.5004571,225.0281485,0
6/1/2020,8.66159243,3.67043101,27088.47646,1,512.2773101,284.0983515,0
6/3/2020,5.653506135,5.198985504,16462.46009,1,272.4405583,146.5902323,0
6/6/2020,6.626012184,4.194313129,25839.8941,1,327.2480786,112.2994855,0
6/9/2020,7.793833573,4.172935335,18344.68036,1,371.216973,176.8664829,0
6/9/2020,7.59312765,3.377337638,18371.0572,1,387.6295723,261.5661726,0
6/12/2020,7.362736502,4.408513182,16268.44861,1,419.2584481,185.692181,0
6/16/2020,9.320305445,4.205809732,16002.13832,1,499.8441671,129.8238585,0
6/20/2020,3.719791644,2.718397734,23590.93213,1,427.4959312,248.8592673,0
6/23/2020,6.655605026,2.951644715,20571.84571,1,336.8314548,216.4411715,0
6/26/2020,9.868877881,3.355489791,15326.85591,1,424.2928308,214.1662353,0
6/29/2020,5.590614436,4.726845017,35370.73552,1,469.4130904,229.1921395,0
6/30/2020,5.554436511,2.095914087,31344.46039,1,306.872526,229.1228286,0
7/1/2020,4.126528715,4.460200984,11215.9459,1,445.2414569,125.4748835,0
7/3/2020,7.543931305,3.703191306,24227.96114,0.33,369.4276991,192.2345408,1
7/6/2020,,3.56139783,11724.62332,0.55,452.7276913,218.5735482,1
7/9/2020,7.340170884,3.919139533,12810.42316,0.3,412.7065583,210.1188126,1
7/9/2020,10.01518906,3.846547549,9064.035831,0.83,324.6479088,210.126717,1
7/12/2020,,2.72365054,19037.46264,0.37,388.0658567,188.7435625,1
7/16/2020,7.846463341,3.885623898,6670.659354,0.4,545.310659,233.9765794,1
7/20/2020,,2.000757032,52060.2268,0.46,323.0010364,155.6757769,1
7/23/2020,6.334162776,4.038829793,23460.82138,0.65,399.5637857,197.4823264,1
7/26/2020,9.616095703,2.946643668,12538.97403,0.32,441.8810049,221.7598179,1
7/29/2020,,2.475284464,29496.91016,0.89,616.1752428,186.5952548,1
7/30/2020,8.892998479,3.619132805,22960.18064,0.37,466.2454797,224.078183,1
8/1/2020,,3.957011709,14563.68265,0.5,289.6605864,195.8365726,1
8/3/2020,8.1414299,4.350921901,15494.35984,0.46,363.1293527,211.7942673,1
8/6/2020,8.165714933,3.92011648,16925.0123,0.2,527.9125436,203.4193307,1
8/9/2020,4.931958445,5.045982883,31155.54022,0.71,506.5314139,164.6667686,1
8/9/2020,8.977821883,3.199999614,20225.64292,0.56,492.0978246,198.996287,1
8/12/2020,7.372611796,3.182521119,17606.88569,0.7,551.1452068,220.3871636,1
8/16/2020,9.107330383,4.492139949,24678.32929,0.84,467.1107616,202.5147114,1
8/20/2020,4.168248461,2.804525051,23863.71686,0.61,547.4668312,164.3512893,1
8/23/2020,7.806909023,5.127910988,21299.31866,0.59,524.0797055,216.4731687,1
8/26/2020,6.704635426,3.42217862,9727.761716,0.7,405.7615711,230.7669398,1
8/29/2020,3.623165848,5.370205549,26738.52536,0.53,388.7526203,156.8989167,1
8/30/2020,7.966856824,5.115430914,21440.73885,0.29,461.3562275,186.353361,1
9/1/2020,4.595607756,3.978919807,13891.03853,0.73,631.8220782,204.8596598,1
9/3/2020,,4.058942266,12874.44464,0.02,402.6192862,204.6690467,1
9/6/2020,3.994497606,3.379147351,18682.27714,0.15,538.1749592,179.454192,1
9/9/2020,8.907987118,4.641258532,33653.76196,0.85,426.186565,202.4612113,1
9/9/2020,5.898726325,4.899815187,21148.2419,0.33,312.3885856,198.3100198,1
9/12/2020,9.514626622,2.64503637,16553.56244,0.5,453.9184895,215.725527,1
9/16/2020,8.842463656,4.576728706,7839.31876,0.32,370.0851534,229.9644224,1
9/20/2020,7.721078494,3.22395109,17248.61874,0.3,269.0136348,208.4385926,1
9/23/2020,9.089421098,4.430116016,32238.07778,0.65,449.2599756,208.91472,1
9/26/2020,1.757037115,2.96755413,41538.24273,0.2,428.4448225,147.5818314,1
9/29/2020,7.725192099,4.163325537,20461.75904,0.66,338.2142583,213.9513281,1
9/30/2020,6.729191489,5.112254251,31991.95875,0.2,341.7747779,178.4936319,1
10/1/2020,5.085429353,3.96173067,33455.24099,0.16,507.476249,173.5659711,1
10/3/2020,9.545270521,4.983903465,25189.83062,0.45,498.2669594,212.0463911,1
10/6/2020,,3.693510936,20049.2421,0.16,328.7009606,182.5339784,1
10/9/2020,6.246264054,5.044454778,26408.88177,0.58,509.9568642,163.2180384,1
10/9/2020,7.376449105,5.767354666,37191.11414,0.73,439.3128533,168.7500072,1
10/12/2020,7.802426084,4.363529881,14382.90216,0.72,413.2921835,232.67028,1
10/16/2020,8.596767212,3.238692933,15173.47115,0.04,315.4790704,202.3431875,1
10/20/2020,6.436444496,3.415851385,19579.38955,0.58,379.6753668,192.9956648,1
10/23/2020,7.333477726,4.772662701,16066.55212,0.52,401.7393087,233.7213551,1
10/26/2020,6.144759038,3.082080496,19981.31519,0.35,332.5981262,210.9797475,1
10/29/2020,4.725997721,3.644606541,34265.83058,0.88,441.9451807,175.9914868,1
10/30/2020,5.393345914,4.633854752,28099.03873,0.36,505.5423487,172.5502615,1
11/1/2020,5.624819996,4.355489162,9028.760345,0.37,340.6483926,215.8228726,1
11/3/2020,5.768868031,3.092626379,31155.98882,0.57,380.0968101,184.3950028,1
11/6/2020,,2.775635434,17749.29866,0.82,512.4544684,195.8746342,1
11/9/2020,5.251353815,4.072252323,34768.93342,0.67,315.5361054,167.924336,1
11/9/2020,7.688785916,3.918673156,29568.53585,0.5,355.6986132,209.1856253,1
11/12/2020,3.681076271,3.893070403,26726.77111,0.12,564.183824,144.2652699,1
11/16/2020,4.897691707,3.894464333,14676.71627,0.82,437.5386924,169.2357683,1
11/20/2020,5.842754601,4.490392564,13969.26156,0.27,475.1429562,202.0447753,1
11/23/2020,,4.41481891,14472.39155,0.7,431.4573372,193.4101406,1
11/26/2020,5.038316783,3.913695776,25866.10395,0.34,350.3910241,170.3604625,1
11/29/2020,9.961247709,3.246583097,11939.76986,0.57,398.6809356,220.038186,1
11/30/2020,7.417502637,3.391240667,24389.36289,0.33,366.3707236,198.705653,1
12/1/2020,,4.441979836,37795.76332,0.73,441.9861061,160.3259716,1
12/3/2020,5.099932005,5.159301249,21807.40013,0.52,334.5123059,189.6659365,1
12/6/2020,3.633162829,3.349571655,28584.17581,0.85,500.8660185,179.3505767,1
12/9/2020,8.860450854,4.677713327,24085.11214,0.01,526.7049237,193.7431052,1
12/9/2020,10.13793229,3.872018159,15088.82765,0.19,596.3463464,242.005716,1
12/12/2020,9.90081484,2.39500211,16233.13468,0.2,345.0198518,199.0837518,1
12/16/2020,10.2684305,4.304689262,13753.99337,0.01,341.6022087,218.2166825,1
12/20/2020,0.22749905,3.545741438,39028.59934,0.09,443.0292321,152.5301112,1
12/23/2020,6.017260924,4.427712282,15157.26879,0.24,431.7819875,206.0143998,1
12/26/2020,7.110845138,5.712792127,25043.5328,0.61,505.7355345,213.8863369,1
12/29/2020,6.350290472,4.265233067,14905.39385,0.9,446.8406051,190.3837378,1
12/30/2020,8.12934172,4.822043564,22982.92744,0.8,367.9887837,211.1233123,1
1/1/2021,10.25281623,4.559836219,18158.84212,0.48,336.1988372,218.2797001,1
1/3/2021,5.462355935,4.486180492,11642.149,0.15,534.6639449,187.7095327,1
1/6/2021,9.239440361,3.471971127,14829.62421,0.45,575.4219684,212.5690763,1
1/9/2021,7.071314192,4.29372656,20038.79642,0.3,605.3050414,213.619625,1
1/9/2021,7.115895266,3.736020547,18463.88366,0.51,369.534034,193.7067445,1
1/12/2021,8.238996597,3.089923749,25046.79864,0.76,328.3633983,199.5945387,1
1/16/2021,6.446252032,4.976957858,11104.25051,0.19,418.0412196,204.2535631,1
1/20/2021,6.161779499,4.003547029,12229.64758,0.49,344.3656891,202.7569725,1
1/23/2021,6.772156538,3.827255961,13790.2962,0.39,347.5883747,196.9000984,1
1/26/2021,7.06184552,3.958248504,11300.23811,0.46,353.5104246,211.0916871,1
1/29/2021,4.638250259,4.124537825,34261.98589,0.89,439.1177046,182.4196209,1
1/30/2021,7.678966889,3.718981559,7472.50648,0.84,395.2357843,205.4799184,1
2/1/2021,8.137713063,2.743866752,33786.71631,0.23,481.0735393,178.7166329,1
2/3/2021,7.481397772,4.03997629,13781.78028,0.7,323.7728426,186.0747655,1
2/6/2021,8.082148076,3.373484514,28407.66103,0.86,402.6580222,185.9324194,1
2/9/2021,,4.290393224,27983.17942,0.41,436.8440526,210.6273585,1
2/12/2021,7.702183099,4.382159162,18126.03096,0.09,646.7325987,192.1375306,1
2/15/2021,6.750761186,2.777726265,23642.9926,0.69,446.6969391,207.2545054,1
2/17/2021,,4.649365028,22387.31575,0.74,327.2895434,219.7060481,1
2/20/2021,6.323942073,3.575010576,23234.78893,0.65,401.3048946,185.9924106,1
2/22/2021,5.403883692,3.189942299,11571.42154,0.35,377.4307463,199.0166741,1
2/24/2021,5.699873488,2.416402098,31977.37014,0.64,501.7432181,159.4356011,1
2/26/2021,7.694264582,5.707192759,22673.03447,0.41,439.6330269,184.8363006,1
2/28/2021,8.581428694,3.388448222,20590.71211,0.83,384.3056983,186.6016211,1
3/1/2021,9.888941401,3.75016351,19892.38891,0.41,460.8124249,220.638823,1
3/3/2021,3.426450368,5.97805394,21839.69596,0.23,437.3771806,154.7117245,1
3/6/2021,8.370440489,3.21063541,15063.81497,0.75,422.2938193,231.4425533,1
3/9/2021,,4.26852452,13286.15658,0.61,365.6875204,204.852187,1
3/9/2021,8.390500572,4.150359337,27032.14226,0.48,443.4455903,215.295518,1
3/12/2021,7.58194468,4.833345774,21675.68287,0.79,414.8109854,193.2864626,1
3/16/2021,9.850054687,4.521836127,35289.23711,0.48,462.4801989,208.740232,1
3/20/2021,5.225683807,3.695746982,16276.3986,0.61,394.6348677,185.050444,1
3/23/2021,9.663653196,4.741944305,13213.57825,0.73,326.777803,233.487268,1
3/26/2021,,5.010163393,26210.11601,0.77,354.8470533,158.7629592,1
3/29/2021,7.935607325,3.619650737,19657.84331,0.54,358.8490033,207.0168521,1
3/30/2021,8.92814208,4.111101546,27884.43425,0.46,317.5326799,197.6485302,1
4/1/2021,6.920342899,3.266213475,16689.7996,0.56,481.9558771,207.8213631,1
4/3/2021,10.53809844,3.823092676,13867.2442,0.34,340.8088228,200.1398287,1
4/6/2021,5.729302912,3.556394812,34573.67879,0.53,297.6313652,162.8575851,1
4/9/2021,5.335688809,3.921976381,37993.18275,0.48,465.0727958,178.6401187,1
4/9/2021,,3.261591731,38977.3308,0.59,484.1729533,177.1740208,1
4/12/2021,6.769834881,3.655789569,34596.00187,0.05,389.5162861,177.173258,1
4/16/2021,6.848329601,3.732202018,15908.64209,0.24,404.2048592,195.4514824,1
4/20/2021,,3.30829418,12856.72862,0.19,392.5169018,231.1598241,1
4/23/2021,,4.599572634,27064.41841,0.15,409.5018417,205.0887889,1
4/26/2021,,4.930189986,28224.77418,0.55,421.3437362,155.8643817,1
4/29/2021,8.589202344,4.041445671,7263.056749,0.54,258.880209,233.7279746,1
4/30/2021,8.473649323,3.487816307,36412.48826,0.16,414.3080549,182.9971987,1
5/1/2021,7.591346094,4.515150114,25383.76518,0.16,416.4456175,199.2553218,1
5/3/2021,8.137767883,5.003825786,24172.70331,0.62,470.8362645,203.8618673,1
5/6/2021,5.35256598,4.779187009,27795.73204,0.13,422.4225087,150.4952143,1
5/9/2021,7.998090254,2.626546784,9609.740605,0.28,428.8823659,241.0002765,1
5/12/2021,11.89807803,3.024968487,8296.550611,0.82,500.1692103,228.1326732,1
5/16/2021,7.442536475,2.191138422,18223.02708,0.17,564.7934853,180.8590906,1
5/20/2021,5.140800528,4.192257449,21407.61429,0.36,378.8971896,209.3585612,1
5/23/2021,,4.626701023,9783.368727,0.52,351.9973602,242.4134292,1
5/26/2021,6.947915534,3.685079273,10337.5417,0.43,453.1519381,219.5943849,1
5/29/2021,9.622105987,3.975571849,30307.21767,0.49,573.3304971,182.9097278,1
5/30/2021,5.361211666,1.81252894,24709.72886,0.55,490.658747,171.315543,1
5/31/2021,4.909518983,3.785506644,13652.60203,0.56,460.5667219,186.1907032,1
6/1/2021,6.376408434,5.404045773,33046.72761,0.75,350.2363264,182.1210382,1
6/3/2021,3.94012546,3.478004808,25911.32168,0.7,487.9851851,163.1716531,1
6/6/2021,6.916825973,4.598622246,29263.55407,0.49,392.3635858,210.8604386,1
6/9/2021,9.146557556,3.210881939,6787.48466,0.87,459.5690214,226.0934249,1
6/9/2021,10.26841472,5.199864588,14694.42062,0.02,353.6309129,225.0742181,1
6/12/2021,8.787667941,3.489945595,7035.133797,0.83,415.6248817,232.4626372,1
6/16/2021,7.36876853,3.813881276,18452.02299,0.13,496.270851,213.1970192,1
6/20/2021,9.352719753,3.398264165,23558.55475,0.3,420.5945919,207.4651604,1
6/23/2021,9.393148442,4.665681059,20592.25894,0.52,447.0744599,215.0513646,1
6/26/2021,7.296572875,4.679168643,22535.08516,0.21,353.0629066,197.6469506,1
6/29/2021,8.900864697,4.51875067,9592.151333,0.27,333.7753271,211.3068119,1
6/30/2021,8.107244313,4.688271256,18364.83142,0.52,369.9031987,228.1718587,1
7/1/2021,7.804368874,4.075556975,14160.68677,0.29,468.2125374,216.6738691,1
7/3/2021,4.666148131,4.556863752,35680.06788,0.37,501.9028641,171.2887001,1
7/6/2021,10.90507641,3.720264379,16099.1519,0.45,575.3090369,207.0048366,1
7/9/2021,4.739548767,2.942348225,27215.90274,0.11,437.2175902,162.2468857,1
7/9/2021,9.869231935,4.736849577,29549.65882,0.06,356.1819159,223.7726613,1
7/12/2021,,4.32920405,19575.47536,0.24,383.4909539,182.5822278,1
7/16/2021,5.827541212,3.179128741,25863.34324,0.64,370.3572882,191.0049304,1
7/20/2021,0.989912213,5.160603788,16922.8539,0.88,322.2911912,133.2169416,1
7/23/2021,,3.900508521,10443.79653,0.84,319.8429301,235.2405873,1
7/26/2021,9.485832873,3.221129819,15357.83337,0.86,429.6222122,218.7382355,1
7/29/2021,6.435722717,4.925339107,9363.853988,0.14,508.345207,214.7246693,1
7/30/2021,6.365497241,5.125416576,7040.737621,,371.579634,205.0565358,1
8/1/2021,,5.266367539,23828.20768,,414.6176551,202.4751623,1
8/3/2021,5.452214926,5.19053381,14446.81239,0.64,469.1319513,199.2284675,1
8/6/2021,,5.076362464,21852.43794,0.88,364.7010954,215.9665791,1
8/9/2021,5.433466239,2.871196031,31421.73163,,490.2846741,177.8283023,1
8/9/2021,7.374775414,3.592264728,12285.89148,,358.9832544,217.6986438,1
8/12/2021,,2.951395753,25954.03176,1,379.2906459,175.7085533,0
8/16/2021,5.226941884,2.259550289,28398.5542,1,328.3874298,177.3196034,0
8/20/2021,4.594209164,4.917909887,27981.09119,1,380.7232523,185.6328581,0
8/23/2021,6.784133024,5.035822844,12827.62101,1,328.0335757,212.4423382,0
8/26/2021,6.400256164,4.561493819,15936.24736,1,435.4056098,172.2990001,0
8/29/2021,6.839415898,2.854526552,28508.6378,1,460.7659944,166.8669704,0
8/30/2021,6.901863449,4.047907292,20442.61501,1,468.4163498,164.7234862,0
9/1/2021,,5.260301115,22462.11329,1,349.954534,191.5548152,0
9/3/2021,11.88884357,3.630523985,15824.78873,,423.6627075,228.4883938,0
9/6/2021,11.52763348,4.59113705,22095.63716,,412.8676105,218.5189231,0
9/9/2021,6.492403122,4.383394692,18607.21319,1,442.1042076,234.914512,0
9/9/2021,6.684699737,4.030659831,34157.18447,1,498.0639962,193.8409311,0
9/12/2021,11.2764,5.034682957,24108.12755,,428.7706104,196.3346728,0
9/16/2021,6.223677775,3.919575057,22423.49521,1,474.6653317,238.0842107,0
9/20/2021,4.758648347,4.405508764,23603.06542,1,288.9124568,203.5378325,0
9/23/2021,7.440825031,2.496342612,17259.8523,1,452.9952928,183.3627126,0
9/26/2021,12.05488574,3.514097775,12642.06595,,446.7484416,200.943484,0
9/29/2021,7.061830972,4.299018587,24991.76602,1,431.4246894,215.946322,0
9/30/2021,,5.00587853,12666.00532,1,319.4230515,214.7378307,0
10/1/2021,7.611609817,2.87326121,25063.68301,1,505.2654826,222.2522695,0
10/3/2021,4.691438315,2.730792274,32182.26232,1,516.8516225,200.8894064,0
10/6/2021,8.064170137,3.246077223,8712.002588,1,338.8481579,209.8393334,0
10/9/2021,4.292966858,2.804923583,30434.26912,1,382.922363,212.8086454,0
10/9/2021,7.865756954,3.738618343,16147.00195,1,505.9128645,184.9129171,0
10/12/2021,9.085637102,2.544020276,9001.658753,1,381.3465821,238.221968,0
10/16/2021,6.592442508,3.060827354,9381.239931,1,440.6011346,242.4804727,0
10/20/2021,7.032818726,3.633373289,29370.26418,1,521.7808842,168.8223953,0
10/23/2021,8.990317234,4.494544339,23728.29401,1,551.5403898,195.8090284,0
10/26/2021,8.561218924,2.813888599,16686.31276,1,347.8409649,205.3668311,0
10/29/2021,6.739157692,5.214484016,30950.6811,1,425.2888367,156.4827594,0
10/30/2021,12.897,4.23825298,20827.98384,,567.6041514,209.4268373,0
11/1/2021,6.492627157,3.378778493,34314.08709,1,313.254743,213.0653848,0
11/3/2021,6.753128353,5.102516757,18222.93196,1,389.7424621,191.9829945,0
11/6/2021,5.039373609,4.957419783,40829.35317,1,386.8030566,142.860598,0
11/9/2021,8.296344056,5.400810789,17468.9998,1,294.3251422,198.1970512,0
11/9/2021,12.45559935,4.476348715,37620.24847,,343.4175878,152.3867347,0
11/12/2021,7.918183321,4.764193594,20012.17298,1,421.8900828,224.1520045,0
11/16/2021,5.01804587,5.035153707,27317.09944,1,313.4779593,194.6681671,0
11/20/2021,6.495435285,3.39047054,32775.63258,1,330.0450518,252.0109026,0
11/23/2021,13.9876,4.456104061,28184.90053,,445.7007612,203.0502439,0
11/26/2021,8.783167624,4.274136884,16183.58665,1,389.0216156,218.0328398,0
11/29/2021,,3.403269587,28499.10733,1,381.5016036,184.7506979,0
11/30/2021,8.159666704,2.957194849,17068.29886,1,459.5411588,215.6482163,0
12/1/2021,7.685396843,4.179187128,7324.701425,1,492.8503914,230.3357076,0
12/3/2021,11.76202075,3.256301329,15548.41667,,520.6407738,173.636742,0
12/6/2021,11.2079311,4.705561884,18493.87218,,437.5120421,204.0103465,0
12/9/2021,11.9870415,4.475161103,19472.62433,,425.670964,169.7271158,0
12/9/2021,4.692196563,4.009006062,24211.63077,1,406.551667,221.5477734,0
12/12/2021,,3.183435323,9840.78282,1,396.8056521,219.7257126,0
12/16/2021,4.059431468,4.330321564,25770.00672,1,414.157826,200.3830795,0
12/20/2021,8.389945659,3.569717312,17674.70615,1,471.3698805,213.6656848,0
12/23/2021,10.69553249,4.154845328,10571.77038,1,414.2560865,220.4510783,0
12/26/2021,6.791696907,2.817391374,21467.95087,1,427.2397403,175.8943459,0
12/29/2021,9.953952112,4.052905069,3773.281147,1,339.8830287,232.9490019,0
12/30/2021,,3.837256627,9836.401847,1,386.3452475,218.9864062,0
1/1/2022,4.489783796,3.776225631,14906.04792,1,518.5852526,188.2519391,0
1/3/2022,8.020869103,3.442121236,21759.36393,1,428.6609649,175.8736762,0
1/6/2022,5.090035332,4.83886228,34094.05718,1,526.3610816,174.2663575,0
1/9/2022,6.466874709,3.408168792,14848.12949,1,304.9563717,214.3372704,0
1/9/2022,6.702496216,4.267952934,29057.22762,1,361.9477582,208.5537845,0
1/12/2022,5.766204134,4.47201817,27700.12195,1,536.2686727,179.5726525,0
1/16/2022,6.571099217,4.555949236,23372.88265,1,497.9023198,207.741025,0
1/20/2022,8.509220049,2.519891581,10587.30493,1,585.2226284,200.3043481,0
1/23/2022,5.953981878,4.071916487,32241.07961,1,416.0909979,186.4570837,0
1/26/2022,5.403196492,3.871463111,27509.89342,1,587.3786921,185.6435227,0
1/29/2022,5.596929951,3.506764606,23930.37455,1,535.3395605,162.7246723,0
1/30/2022,10.63290961,3.722454851,12958.74846,1,522.0278703,198.3780118,0
2/1/2022,4.916819229,3.836703239,22829.12321,1,541.7723151,162.4567843,0
2/3/2022,7.183095932,3.806539439,13501.67797,1,617.5409065,200.368159,0
2/6/2022,5.923441415,4.10736363,25951.55404,1,471.8575107,167.6586022,0
2/9/2022,7.377036504,4.531658688,15340.95184,1,579.4618244,175.0082757,0
2/12/2022,7.833495881,5.580829963,28338.98146,1,462.1424242,220.9574326,0
2/15/2022,4.745764371,3.699146259,33153.81298,1,296.9641017,186.3031371,0
2/17/2022,9.055825785,5.45691283,20226.28794,1,342.3594105,196.4758989,0
2/20/2022,5.492155983,3.294129366,26422.09789,1,500.9387879,176.2714037,0
2/22/2022,4.487517479,2.765722248,36860.4689,1,390.5669453,199.0514027,0
2/24/2022,7.027185659,5.35304334,30988.97302,1,326.2690802,185.3207014,0
2/26/2022,10.20064451,5.174719759,8016.202938,1,291.6002828,182.0806013,0
2/28/2022,6.784279329,4.045547056,17569.57982,1,374.18184,140.3667086,0
3/1/2022,8.080415244,4.070824292,18136.12886,1,600.937203,166.8917001,0
3/3/2022,,4.167336457,14017.37207,1,423.9783892,191.348259,0
3/6/2022,7.344975869,3.418763195,5689.804405,1,360.1844731,182.3069422,0
3/9/2022,5.923739955,3.884460371,33306.01254,1,399.9483325,200.5612126,0
3/9/2022,8.285395275,5.438487907,19096.82237,1,388.941163,196.5520678,0
3/12/2022,5.949518764,4.072197622,16898.8083,1,451.0127884,160.4426313,0
3/16/2022,,2.998335472,34160.92514,1,474.7817344,192.2021681,0
3/20/2022,,2.934137001,35971.02511,1,558.108549,215.9971166,0
3/23/2022,5.296578804,3.918469801,39537.08646,1,393.3886033,220.0808324,0
3/26/2022,10.28206797,4.572923004,8108.297322,1,568.0789802,198.5463635,0
3/29/2022,7.016836113,4.101397991,18014.9957,1,471.4843946,167.3621871,0
3/30/2022,6.871607245,4.180389312,19557.99372,1,379.5077385,197.5170934,0
4/1/2022,,5.504749397,8985.911807,1,498.8039169,214.1723298,0
4/3/2022,8.274069059,2.575423028,18091.20261,1,369.1983343,195.8033305,0
4/6/2022,8.238878989,2.784712797,11451.31222,1,401.0637637,198.2134051,0
4/9/2022,5.791154373,4.104834817,20288.23557,1,544.8574806,190.4316792,0
4/9/2022,6.153368957,4.030337485,22052.03462,1,485.0984831,237.1398278,0
4/12/2022,7.303051906,4.14486994,22053.01026,1,451.605924,196.9528752,0
4/16/2022,7.5926723,3.341426728,14912.22551,1,355.2844423,177.0808395,0
4/20/2022,6.784116115,4.072186608,12736.865,1,480.308581,189.6083467,0
4/23/2022,5.606856131,4.070966098,32423.46269,1,446.3864036,211.5130972,0
4/26/2022,,3.817778953,36290.74611,1,373.9201602,223.4431113,0
4/29/2022,4.922045466,2.291694536,38494.72025,1,357.4707042,197.2872066,0
4/30/2022,5.700784947,3.978141279,27365.10636,1,359.506553,185.9222471,0
5/1/2022,,3.13400015,25338.61934,1,429.350268,215.5784642,0
5/3/2022,10.67805626,4.308256961,7066.376917,1,327.6586444,168.6957663,0
5/6/2022,7.602121475,3.698874769,11346.14345,1,210.319182,199.3531655,0
5/9/2022,8.846281957,2.925037558,17734.94963,1,419.3955691,188.4150006,0
5/12/2022,6.751698586,3.756006672,26325.8177,1,381.4403882,203.4004519,0
5/16/2022,,3.619590635,13597.89604,1,357.7110601,148.1031295,0
5/20/2022,,4.43921524,12519.09066,1,399.883388,202.0798645,0
5/23/2022,5.088213197,2.600618679,39125.2092,1,400.1553243,159.9626123,0
5/26/2022,6.954907217,3.169714976,21895.2857,1,482.5982702,159.7663994,0
5/29/2022,8.983811794,2.445673388,15158.72175,1,416.8991601,204.6485152,0
5/30/2022,9.519659984,3.994556136,17258.18835,1,395.6985382,204.0809451,0
5/31/2022,4.700392724,3.481943696,35216.53427,1,539.4646482,195.3528073,0
6/1/2022,10.38613293,4.921340625,17982.38726,1,336.2797071,200.8911924,0
6/3/2022,5.746529194,3.808372006,35633.26851,1,354.1744375,183.4717941,0
6/6/2022,,4.699120987,11125.44354,1,332.956298,192.9703798,0
6/9/2022,,3.941073832,25253.07906,1,482.8469391,248.9546551,0
6/9/2022,10.8112895,4.416183694,11848.22827,1,393.1864462,209.10305,0
6/12/2022,8.966835973,3.654354962,16764.85476,1,456.4264885,228.6913547,0
6/16/2022,,2.27639196,5699.504942,1,269.3446352,212.449974,0
6/20/2022,6.848805453,3.130044763,20555.55957,1,389.6382279,204.8127108,0
6/23/2022,8.861701557,3.579107242,15247.12803,1,521.7741145,200.6122986,0
6/26/2022,4.252985001,3.58830042,20497.82222,1,427.1137557,149.9386547,0
6/29/2022,6.729829904,4.724321913,23114.03183,1,521.8355248,229.4077836,0
6/30/2022,5.924540482,4.224342509,44376.18738,1,273.4468382,186.6200684,0
7/1/2022,6.783888468,3.250022229,13677.10644,1,477.8546873,193.6535806,0
7/3/2022,7.390896679,4.325131645,25574.09172,1,553.0576632,219.3359778,0
7/6/2022,6.470151959,3.125391112,30594.28067,1,524.9097809,176.7363757,0
7/9/2022,6.93039147,3.699796036,25780.05908,1,481.7375593,190.1893878,0
7/9/2022,9.302441188,3.675985498,5230.63043,1,367.8975629,236.5807942,0
7/12/2022,7.421997644,3.603609581,15772.65317,1,463.2969139,220.3853144,0
7/16/2022,6.583064856,3.772858553,17977.69394,1,383.1245035,163.3616035,0
7/20/2022,6.204429354,4.106807505,35439.68784,1,552.4627918,211.640958,0
7/23/2022,9.066628054,4.055421251,22710.45837,1,496.1614524,203.3841234,0
7/26/2022,4.713116701,3.923356036,20070.56779,1,354.1701813,209.3420509,0
7/29/2022,10.58138599,2.966945651,11298.45009,1,497.1691281,213.7764386,0
7/30/2022,7.574261237,3.686758983,8672.527773,1,433.6795425,227.9846646,0
8/1/2022,6.138785152,4.677289618,20129.97882,1,373.8436199,158.422129,0
8/3/2022,5.276323544,3.883029041,42063.8744,1,312.0025326,186.3825903,0
8/6/2022,6.776879088,3.322065007,19663.79131,1,420.3573924,189.4388127,0
8/9/2022,7.239415921,4.531825295,13911.82663,1,494.4169099,211.8728279,0
8/9/2022,6.552279123,3.443385019,15362.45238,1,353.0636591,190.547678,0
8/12/2022,8.408766231,2.372791477,27662.3971,1,555.580978,210.7954061,0
8/16/2022,7.986398706,4.814779191,20447.49013,1,477.6688358,202.0939398,0
8/20/2022,7.366915284,3.051316563,14151.76008,1,336.9568673,185.0435967,0
8/23/2022,6.062738419,4.369454697,25842.58128,1,385.3916191,224.8411806,0
8/26/2022,7.8564711,4.534681098,5619.135558,1,432.0431198,204.7834281,0
8/29/2022,5.15839641,4.645852435,35086.39696,1,331.5867258,189.2957887,0
8/30/2022,,3.458320001,17439.44406,1,406.0147939,197.5707363,0
9/1/2022,6.39908051,2.620538023,23037.07683,1,452.9744803,230.0279326,0
9/3/2022,7.394255556,4.263192772,29917.82021,1,392.4966653,207.9630384,0
9/6/2022,4.443850856,5.038118946,24070.26365,1,533.968647,240.1679012,0
9/9/2022,8.247148271,3.94196926,9913.963346,1,302.200496,175.9118303,0
9/9/2022,4.902158989,3.499048523,28278.78928,1,375.0363685,214.6437558,0
9/12/2022,6.86313625,4.319777195,23610.51756,1,439.2296156,194.5866593,0
9/16/2022,6.66953238,1.964863097,16246.17319,1,383.245825,190.7511649,0
9/20/2022,7.595669984,3.403393177,13486.14219,1,452.445746,207.1154702,0
9/23/2022,8.163076383,3.287243971,20335.67651,1,475.2964708,183.1618528,0
9/26/2022,8.87027826,4.182740665,16854.12946,1,355.470925,193.3699479,0
9/29/2022,8.769676022,3.776718462,13969.43886,1,369.0166668,215.3687416,0
9/30/2022,4.737391257,3.853388072,30684.21164,1,313.513502,215.5295107,0
10/1/2022,7.790874862,3.076214341,24061.3496,1,471.5185364,196.4787124,0
10/3/2022,,3.241267187,26493.07621,1,369.2838639,238.4095981,0
10/6/2022,6.0873061,3.666671803,11628.33668,1,344.0720282,214.556086,0
10/9/2022,7.651294226,3.258041647,11699.13355,1,420.8283622,200.7170513,0
10/9/2022,4.771490669,3.936972573,48002.0846,1,310.9278353,200.3740756,0
10/12/2022,,3.452821864,26913.37349,1,509.2848688,190.6306362,0
10/16/2022,5.392057607,2.978925445,19900.40784,1,419.813956,198.0171652,0
10/20/2022,5.477283049,6.35743852,29046.08352,1,488.7745948,165.4360934,0
10/23/2022,6.364155674,4.764412042,22958.00999,1,432.1943573,193.5069028,0
10/26/2022,,4.863377535,39942.9539,1,538.6218031,226.7656465,0
10/29/2022,8.347949483,4.217861431,13533.23003,1,527.380871,231.2031014,0
10/30/2022,6.615981652,4.635709127,20919.05143,1,383.122057,194.980636,0
11/1/2022,8.312379503,2.98809301,8727.247349,1,543.3929883,203.7445475,0
11/3/2022,6.836224939,3.666613686,24293.17266,1,390.8049553,166.7429616,0
11/6/2022,6.385470898,4.681716653,26756.918,1,422.0677005,231.4884577,0
11/9/2022,6.490037175,2.430883294,19397.32389,1,479.7861954,205.5415172,0
11/9/2022,,5.284233272,24873.62278,1,479.0560337,236.3569746,0
11/12/2022,6.648849186,4.827527398,30733.50384,1,257.7041794,181.6881221,0
11/16/2022,,4.217553378,21174.40848,1,572.7434072,210.9797468,0
11/20/2022,9.323583858,3.006650222,15751.1753,1,399.7737042,212.7106698,0
11/23/2022,4.581968728,4.500207625,33897.0682,1,406.382378,186.0979153,0
11/26/2022,7.884841993,4.631640754,21733.82804,1,368.7708937,229.2426598,0
11/29/2022,6.168838539,4.435760073,24827.51664,1,482.6733273,238.3010478,0
11/30/2022,7.230845307,5.622018081,17864.68939,1,367.6899918,177.5748031,0
12/1/2022,12.9875,4.071343675,3900.913892,,553.4940322,235.0045977,0
12/3/2022,11.69310433,2.898223061,13283.77805,,560.9659102,184.7728094,0
12/6/2022,12.0978,3.231679693,32981.23946,,286.7944316,194.8060914,0
12/9/2022,11.79746018,4.038502789,21280.24656,,357.4361934,190.3151268,0
12/9/2022,9.319176393,4.129230416,14294.24035,1,338.44145,199.3335654,0
12/12/2022,7.581687577,4.457282487,11989.24624,1,617.8835131,180.7491402,0
12/16/2022,5.348213659,3.31116811,11797.92092,1,371.9106474,232.6685087,0
12/20/2022,5.487876363,4.223576482,20162.01862,1,510.6093851,179.2069831,0
12/23/2022,,5.486132309,40710.52439,1,468.0517147,206.577843,0
12/26/2022,8.315959071,2.760212574,16123.30445,1,501.6739826,221.2702228,0
12/29/2022,8.551077748,4.04637969,28909.29028,1,510.8950007,216.4159321,0
1/30/2022,6.013160966,3.455622541,21573.74757,1,444.276635,218.8432561,0
1/1/2023,5.744067537,3.171655208,28391.99819,1,336.0618031,173.8508816,0
1/3/2023,5.218989651,4.383942554,27007.88691,1,422.2238018,164.7909916,0
1/6/2023,,3.358353455,25959.6139,1,446.7429748,240.4297868,0
1/9/2023,7.458707683,2.938082397,10513.29678,1,442.3681431,207.7865734,0
1/9/2023,11.02787986,4.178897909,13124.10564,1,376.2319179,228.3227976,0
1/12/2023,6.72958019,4.003458052,17975.55323,1,440.8594348,242.1641459,0
1/16/2023,4.1502143,3.502370872,41489.63981,1,425.2500465,174.9267412,0
1/20/2023,7.159398311,3.254926497,28954.80101,1,530.5264113,171.8161053,0
1/23/2023,,3.66264816,13927.00251,1,446.4223567,235.4174567,0
1/26/2023,6.209697437,3.893766831,22610.76871,1,549.2767283,169.3185048,0
1/29/2023,,4.126407533,10490.83899,1,367.7586892,178.7777161,0
1/30/2023,11.60853359,3.042796944,4544.841718,,328.9044942,231.3402282,0
2/1/2023,7.748928548,3.136945007,18939.93665,1,368.4028571,198.8430942,0
2/3/2023,7.117917746,4.213567957,20067.57279,1,331.971661,216.1163186,0
2/6/2023,8.31002902,4.775784922,40936.15339,1,365.4312125,212.6982764,0
2/9/2023,11.52429653,4.033391218,26220.17421,,475.3422715,157.1424243,0
2/12/2023,10.20142576,3.964449588,8918.8926,1,331.3789519,190.799079,0
2/15/2023,11.36812575,2.004142586,32619.31297,,435.6664692,190.9379793,0
2/17/2023,11.93780241,2.831234426,10562.46054,,480.3202177,147.9168921,0
2/20/2023,11.12420783,4.724456578,26489.1147,,431.6256772,207.5095152,0
2/22/2023,7.184973119,3.665410662,25234.42797,1,384.0115576,201.0792194,0
2/24/2023,5.499489286,5.846826958,13902.96865,1,442.1670062,230.3087747,0
2/26/2023,,3.371680094,8904.799818,1,324.9978244,256.6734691,0
2/28/2023,5.319769073,2.92573204,22390.79557,1,399.1190254,204.202072,0
3/1/2023,6.369111631,2.275903461,34456.80113,1,357.4172848,235.3409427,0
3/3/2023,6.733493842,3.178003605,27430.44173,1,397.6849857,197.5626646,0
3/6/2023,6.883015402,4.102291769,14298.41046,1,570.4242586,210.5022172,0
3/9/2023,8.013516429,4.44490059,20375.66827,1,382.0142489,225.156452,0
3/9/2023,8.272055091,5.140207743,24196.52268,1,500.6848732,204.2253291,0
3/12/2023,8.746985976,4.763730536,22174.78114,1,407.3808249,148.3937237,0
3/16/2023,8.154840855,3.696327575,25620.77137,1,597.8700732,202.3173348,0
3/20/2023,12.04572055,4.213700444,22829.11084,,558.7478629,222.1841691,0
3/23/2023,,4.344804944,21762.61415,0.89,397.2628257,192.2541619,1
3/26/2023,7.774468469,3.891097334,22316.39828,0.56,288.0685777,216.7528722,1
3/29/2023,,2.959749614,28894.47697,0.04,559.6293401,172.7314328,1
3/30/2023,7.203438849,6.389161009,22826.4847,0.2,437.3708632,168.4453579,1
4/1/2023,6.150487601,3.551655811,6342.502843,0.59,354.3925259,240.8884224,1
4/3/2023,,3.959293615,9660.658302,0.29,315.750909,225.9590923,1
4/6/2023,6.767523658,3.300253498,21162.72673,0.54,334.9053758,203.7510557,1
4/9/2023,8.037430327,2.506238127,48410.47101,0.68,392.9012057,148.4153089,1
4/9/2023,8.177174974,3.325638986,18626.14931,0.44,455.9274999,210.44877,1
4/12/2023,6.744799075,4.86854263,20215.69752,0.34,544.3393171,204.0843182,1
4/16/2023,7.603775446,3.584985024,11459.62244,0.13,321.0690741,214.682778,1
4/20/2023,8.546145555,3.505300168,23349.48542,0.14,413.3215995,177.8462444,1
4/23/2023,5.432512085,3.874425315,14970.64724,0.32,448.8647411,231.3515758,1
4/26/2023,7.71408936,3.182582857,27336.96262,0.82,347.8292033,194.7382822,1
4/29/2023,8.154531511,2.460464867,21361.19705,0.16,419.173312,168.0989354,1
4/30/2023,,2.9770474,23094.87239,0.09,414.8891303,190.2191676,1
5/1/2023,7.845879929,3.667154205,13769.86024,0.29,510.305603,193.7849998,1
5/3/2023,7.156424495,2.958414712,27025.20696,0.04,448.4571607,197.9935375,1
5/6/2023,5.694694238,3.8706108,7998.674511,0.41,477.0478068,240.7121821,1
5/9/2023,6.707685556,3.822668715,17435.34021,0.7,454.73241,199.2853743,1
5/9/2023,4.775221956,3.223080865,13978.17266,0.08,526.067651,231.9985786,1
5/12/2023,,4.387208418,19947.43447,0.01,295.7570532,200.3152357,1
5/16/2023,,2.999702321,17537.98962,0.12,318.5366329,205.1283035,1
5/20/2023,8.501711439,5.612295662,21289.17959,0.42,393.1766813,193.9089061,1
5/23/2023,7.741245059,3.741143366,22824.69947,0.45,521.0162606,218.2371865,1
5/26/2023,4.187490815,4.592959344,21809.70983,0.39,264.5080825,208.3741881,1
5/29/2023,,4.604724796,45141.68604,0.89,369.280429,142.1455656,1
5/30/2023,7.808012212,4.165549906,17037.72537,0.11,590.0605459,179.7999166,1
6/1/2023,5.895948983,3.659652968,37118.25544,0.08,531.1691009,187.1536166,1
6/3/2023,7.269652253,3.789236757,31161.36839,0.57,506.0101352,155.1575203,1
6/6/2023,,3.89891586,12036.64304,0.7,284.0179948,213.0411915,1
6/9/2023,9.489600966,4.300694899,40032.414,0.76,354.7907412,167.8876287,1
6/9/2023,7.457979827,4.497730796,14733.45876,0.06,482.6371798,183.4613095,1
6/12/2023,7.992320364,4.342796788,17076.66379,0.66,522.888054,230.1795734,1
6/16/2023,7.746343115,3.678686031,21670.59366,0.59,457.0141209,212.2746448,1
6/20/2023,8.27579563,4.72133955,22013.96491,0.11,351.631315,163.3559608,1
6/23/2023,6.879959452,5.688206949,44586.81265,0.57,554.0451045,163.5933393,1
6/26/2023,6.799375518,3.819985377,7986.493239,0.25,373.2321373,239.0576795,1
6/29/2023,8.167767663,3.41068554,36185.67854,0.08,605.4588934,144.9029318,1
6/30/2023,,3.261651399,19692.46439,0.6,385.8278293,214.6573313,1
7/1/2023,4.736404607,4.995601766,28698.72996,,508.8203409,203.2764198,1
7/3/2023,5.95392389,3.968647163,11930.62479,0.57,350.9686515,226.9350617,1
7/6/2023,6.578998162,3.690929417,22389.38049,,408.1950145,198.4092471,1
7/9/2023,8.775485734,4.393944466,22113.39145,,480.7152078,157.3542892,1
7/9/2023,6.850302032,3.08029671,40588.43383,0.72,300.411744,167.9850397,1
7/12/2023,8.757110512,3.80879301,31040.88449,0.29,408.0957972,185.4193669,1
7/16/2023,,3.242545448,21687.47345,0.04,383.7478834,213.0002175,1
7/20/2023,,4.005892992,34383.59764,0.14,570.3787653,178.1548555,1
7/23/2023,8.073278952,4.854312786,17106.43865,0.71,432.8987489,191.8155235,1
7/26/2023,5.078274175,3.631042314,18125.6384,0.1,528.1562512,185.0883849,1
7/29/2023,7.444914015,2.571391506,25489.07503,0.58,405.4206121,203.0687456,1
7/30/2023,9.434005875,4.201054364,20474.82082,0.26,476.8420108,158.38784,1
8/1/2023,5.905906954,2.917284056,13464.48716,0.39,337.8582636,223.1418815,1
8/3/2023,5.803496976,2.181714167,19451.7676,0.04,365.477618,193.2009914,1
8/6/2023,7.617151922,3.422543431,33744.16681,0.82,327.2282451,182.689825,1
8/9/2023,9.008464334,3.911014707,35021.7741,0.34,387.3997714,148.6140018,1
8/9/2023,5.422445768,2.91175139,18542.95745,0.05,382.0801288,205.2660804,1
8/12/2023,9.778181813,4.143365319,23335.67421,0.65,356.5430368,155.9374414,1
8/16/2023,5.204938763,3.439561019,17818.39449,0.63,404.003888,232.8827254,1
8/20/2023,4.872560878,3.918005799,16960.43463,0.38,354.3906043,224.7051051,1
8/23/2023,7.793914804,4.220027671,25506.91224,0.61,398.4603116,164.9589475,1
8/26/2023,,4.081328787,2808.025756,0.46,354.4052785,259.1449277,1
8/29/2023,7.058182608,3.613834771,26608.92915,0.62,462.314567,187.9471911,1
8/30/2023,7.890354274,3.209588058,32160.53392,0.77,344.5506193,180.158098,1
9/1/2023,7.535700191,4.208354354,14829.74597,0.77,583.4364875,221.7924809,1
9/3/2023,7.202534416,5.702504528,11889.25063,0.7,369.0443258,207.8281164,1
9/6/2023,,4.398059123,27716.33872,0.89,520.5877359,188.6105177,1
9/9/2023,8.722143777,3.274628642,28301.51695,0.36,468.3674514,151.621132,1
9/9/2023,8.352635176,3.939011353,33662.38905,0.36,397.1149717,134.7505122,1
9/12/2023,6.284385791,5.030712169,18526.26169,0.8,517.1505478,222.6887949,1
9/16/2023,,4.052367138,28415.18435,0.36,494.4045106,195.5544285,1
9/20/2023,9.30566048,4.485070147,39498.65929,0.47,345.6569351,163.9260265,1
9/23/2023,4.923178856,3.329600783,15990.14923,0.08,404.4057627,208.406673,1
9/26/2023,6.14301848,5.37040341,34865.32463,0.09,475.4452677,147.4719727,1
9/29/2023,5.744504157,3.53350015,19457.63948,0.27,362.0624898,208.0700518,1
9/30/2023,6.616649175,3.881767178,17063.17211,0.13,491.7240649,201.7808472,1
10/1/2023,7.62349992,4.764995184,36267.26666,,404.5013685,170.4275723,1
10/3/2023,7.860106422,3.499774684,34591.67815,0.88,285.228661,182.0419862,1
10/6/2023,7.393110153,4.431739047,13215.70638,0.41,537.1360548,205.9911566,1
10/9/2023,,4.641041336,24793.45568,0.78,377.0662857,176.7799465,1
10/9/2023,5.579517093,4.043914693,13289.20165,0.31,375.2759695,223.616393,1
10/12/2023,4.303574607,2.010537157,7323.302301,0.82,412.8964036,227.0070858,1
10/16/2023,7.310715696,3.57882634,21989.76744,0.28,425.532861,185.8171404,1
10/20/2023,6.417702476,4.046305672,33360.17072,0.89,509.8196527,185.3121832,1
10/23/2023,,3.89406116,23614.70296,0.03,510.9446258,181.3018739,1
10/26/2023,10.77431809,3.229834159,38037.35307,0.54,477.7233747,163.0951058,1
10/29/2023,5.036453976,3.534665425,29258.73814,,332.3597146,190.1645202,1
10/30/2023,,4.318271773,24590.12593,0.1,440.9368239,204.8605046,1
11/1/2023,10.41504401,4.209136505,34535.55385,0.79,491.5167115,167.4225811,1
11/3/2023,8.41860665,3.44284782,29313.78335,0.42,546.7909944,191.8670896,1
11/6/2023,7.808641136,2.472720325,15694.50719,0.79,519.8629915,200.71487,1
11/9/2023,7.55796363,3.292270153,32833.43117,0.18,277.2341545,156.4618716,1
11/9/2023,11.24450714,2.929952739,43533.65785,0.42,336.4466548,169.4036547,1
11/12/2023,5.728823779,4.41217355,12932.59039,0.72,445.0696363,197.1918394,1
11/16/2023,10.48680842,3.804352132,26453.00335,0.18,455.7438446,185.0879142,1
11/20/2023,3.792125732,4.620685586,16929.2902,0.26,410.694183,218.4908565,1
11/23/2023,5.716251354,3.433135385,19393.46986,0.52,502.9936866,184.229295,1
11/26/2023,,4.536122682,30430.21175,0.23,479.9570763,182.3172561,1
11/29/2023,5.473603398,4.957822241,14608.36315,0.38,472.7968348,218.5131453,1
11/30/2023,,5.113869706,37861.44001,0.44,535.0863948,178.2336595,1
12/1/2023,6.770926884,4.91053382,26880.22004,0.33,475.5489601,181.8180655,1
12/3/2023,6.043360084,4.745247517,24856.60711,0.87,355.0074612,188.6623289,1
12/6/2023,,3.09381445,23572.1578,0.2,449.9510828,212.4800362,1
12/9/2023,6.320427823,4.553380743,11682.22932,0.53,375.9645578,210.3100428,1
12/9/2023,9.185417502,4.186674618,18073.96859,0.42,534.6984328,165.6415024,1
12/12/2023,8.684778672,3.877349185,40799.36033,0.78,499.2754008,161.1242048,1
12/16/2023,7.961721463,2.286943495,11551.21568,0.89,451.808446,224.3167604,1
12/20/2023,5.484151254,4.43885846,19378.35907,0.88,348.3990333,196.7912512,1
12/23/2023,7.186931122,4.275645348,34510.753,0.51,477.9949918,177.4865333,1
12/26/2023,5.470802484,2.962852429,18295.37092,0.27,317.9484586,213.1604785,1
12/29/2023,,3.843405196,17382.42737,0.66,383.7949028,195.0195691,1
12/30/2023,9.792727769,3.729120402,30249.17085,0.07,413.155466,161.0578814,1
12/31/2023,3.637170625,5.446565703,10102.48972,0.71,509.1503233,238.9437443,1
1/1/2024,7.064789081,4.401627835,20567.14593,0.84,656.9241278,188.3917252,1
1/3/2024,6.632031569,3.38629429,24161.25498,0.47,346.8604045,201.6699331,1
1/6/2024,5.913956688,5.648605949,13086.64393,0.37,283.4014062,215.4978821,1
1/9/2024,9.484703254,4.132274238,56351.3963,0.41,480.8480635,122.9069908,1
1/9/2024,8.447404488,5.21830711,19583.05735,0.28,547.0238303,163.9499045,1
1/12/2024,7.727421141,4.60180209,18767.94163,0.55,328.854169,227.8427196,1
1/16/2024,6.859323726,4.501980015,27567.37567,0.21,391.599708,179.0688055,1
1/20/2024,5.846786697,3.371110881,19417.76721,0.66,393.9528205,212.1620435,1
1/23/2024,6.300001767,3.709437181,40682.144,0.58,485.6724565,172.3502811,1
1/26/2024,6.646469922,4.387601742,5516.874953,0.02,339.2087033,251.8362482,1
1/29/2024,7.313446756,2.220639923,23154.06232,0.05,436.5172742,158.7074718,1
1/30/2024,6.572656389,2.820927249,14598.95191,0.27,343.8952418,192.6473336,1
2/1/2024,6.002414612,4.315308015,16136.43327,0.4,336.9141571,196.0029378,1
2/3/2024,,3.62463525,14101.86929,0.66,337.1910833,212.9091318,1
2/6/2024,5.93605711,3.940282339,18061.69757,0.47,323.4992313,222.9223068,1
2/9/2024,7.591089848,4.531196013,17444.6714,0.62,517.2033081,195.6658004,1
2/12/2024,6.875746152,3.397302572,25422.33855,0.13,501.605982,192.0236594,1
2/15/2024,8.016279103,4.308222881,14034.4858,0.36,491.0790821,211.0293038,1
2/17/2024,8.783596632,3.470885424,19471.46544,0.16,324.9370292,199.9302784,1
2/20/2024,6.911698241,4.616641008,25612.14891,0.85,298.550513,179.2136742,1
2/22/2024,8.719240207,3.912836037,17430.91972,0.53,289.2027406,181.0131002,1
2/24/2024,5.974583248,3.721974696,22543.25629,0.22,410.8041321,197.1027246,1
2/26/2024,4.429378735,4.271167637,8746.901717,0.04,432.1079346,256.2125652,1
2/28/2024,,3.840888762,30211.83299,,391.8209641,134.6792566,1
3/1/2024,,3.190127771,10117.08444,0.73,508.2627539,221.6754626,1
3/3/2024,8.215123507,4.511384049,30579.37107,0.19,344.9505839,155.7628665,1
3/6/2024,7.828740105,5.199446636,33337.10965,0.02,290.1186126,176.7275113,1
3/9/2024,7.949964795,3.31715245,15171.01233,0.03,406.612743,186.7891507,1
3/9/2024,6.114332051,3.68040999,30606.22359,0.52,472.2554031,178.4462857,1
3/12/2024,,4.516869764,15380.12408,0.29,392.5582049,226.2708237,1
3/16/2024,7.139428273,3.771596492,19862.81126,0.58,364.5231509,179.2349792,1
3/20/2024,,4.314495017,20134.39834,0.18,477.3426562,223.5119784,1
3/23/2024,7.96852587,3.173879163,27008.01187,0.07,455.840428,156.4511488,1
3/26/2024,6.635894308,4.523236866,20339.01687,0.09,412.5829888,194.04978,1
3/29/2024,6.394548023,3.042496818,31620.19079,0.73,515.8063854,193.0475578,1
3/30/2024,6.280978207,4.599432014,25972.80375,0.59,456.5439451,205.1231235,1
4/1/2024,7.992026977,4.647095594,34585.08961,0.24,543.9491409,174.5580063,1
4/3/2024,5.068795502,4.362085653,22781.36453,0.8,483.442018,211.6895022,1
4/6/2024,,3.499453074,32768.22797,0.36,527.198675,164.9090723,1
4/9/2024,8.151248962,2.799883321,15661.94034,0.27,555.5902835,205.8473007,1
4/9/2024,7.582941677,4.164028619,23072.7807,0.79,518.0485235,185.0459928,1
4/12/2024,5.34411687,4.104698561,13492.84084,0.47,591.3633685,198.3791437,1
4/16/2024,7.871961403,2.938536287,12760.43715,0.55,350.8269163,219.6226589,1
4/20/2024,5.327023534,4.855821251,13580.61848,0.71,438.5534987,233.140588,1
4/23/2024,10.55027327,3.951304463,32150.97939,0.63,566.3793974,185.1658146,1
4/26/2024,,3.068919237,18085.15884,,347.9866864,186.1748407,1
4/29/2024,7.47102667,3.70797408,15736.58099,,401.6182184,177.2336434,1
4/30/2024,7.330196877,2.884715098,14884.33996,0.8,404.1959121,159.8037202,1
